peptide_id,peptide_sequence,mean_Average_Rg,mean_Standard_Deviation_of_Rg
1st_Pept_GVLYVGSKTKE,GVLYVGSKTKE,2.424,0.356
2nd_Pept_GVVHGVATVAE,GVVHGVATVAE,2.951,0.42200000000000004
3rd_Pept_KTKEQVTNVGG,KTKEQVTNVGG,2.2075,0.30200000000000005
5th_Pept_KTVEGAGSIAA,KTVEGAGSIAA,2.1165000000000003,0.3425
7th_Pept_KNEEGAPQEGI,KNEEGAPQEGI,1.547,0.11
9th_Pept_VVHGVATVAEK,VVHGVATVAEK,1.839,0.274
11th_Pept_VVTGVTAVAQK,VVTGVTAVAQK,2.055,0.385
12th_Pept_TVEGAGSIAAA,TVEGAGSIAAA,2.626,0.431
13th_Pept_TGFVKKDQLGK,TGFVKKDQLGK,1.8895,0.1865
15th_Pept_LYVGSKTKEGV,LYVGSKTKEGV,1.9169999999999998,0.2315
16th_Pept_VHGVATVAEKT,VHGVATVAEKT,1.9769999999999999,0.101
17th_Pept_KEQVTNVGGAV,KEQVTNVGGAV,1.641,0.099
19th_Pept_VEGAGSIAAAT,VEGAGSIAAAT,1.988,0.318
20th_Pept_GFVKKDQLGKN,GFVKKDQLGKN,2.197,0.332
21st_Pept_EEGAPQEGILE,EEGAPQEGILE,2.194,0.183
22nd_Pept_YVGSKTKEGVV,YVGSKTKEGVV,2.827,0.188
23rd_Pept_HGVATVAEKTK,HGVATVAEKTK,2.3040000000000003,0.3055
26th_Pept_EGAGSIAAATG,EGAGSIAAATG,2.084,0.133
27th_Pept_FVKKDQLGKNE,FVKKDQLGKNE,1.935,0.182
28th_Pept_EGAPQEGILED,EGAPQEGILED,1.878,0.214
31st_Pept_QVTNVGGAVVT,QVTNVGGAVVT,2.215,0.221
34th_Pept_VKKDQLGKNEE,VKKDQLGKNEE,1.8615,0.1925
35th_Pept_GSKTKEGVVHG,GSKTKEGVVHG,2.361,0.286
36th_Pept_VATVAEKTKEQ,VATVAEKTKEQ,2.85,0.358
37th_Pept_VTNVGGAVVTG,VTNVGGAVVTG,2.266,0.326
39th_Pept_AGSIAAATGFV,AGSIAAATGFV,1.3,0.042
40th_Pept_KKDQLGKNEEG,KKDQLGKNEEG,1.887,0.323
